{
  "calibration_matrix": [
    [
      -0.001739879989316309,
      0.4146637648440473
    ],
    [
      0.29447107059155575,
      -0.00010421498831075793
    ]
  ],
  "calibration_offset": [
    1.3268381732991474,
    0.6410450429766199
  ]
}