{"scale_x": 0.7011377003960958, "scale_y": -1.6873678167775372, "offset_x": 5.179820316351858, "offset_y": 7.493161179697127}