{"calibration_matrix": [[1.1466345434640572, 0.18853586677047823], [0.23881603759960768, -1.5034923252775996]], "calibration_offset": [0.4217042696274339, 3.01985739469078]}