{
  "calibration_matrix": [
    [
      -0.002928523966465673,
      0.39438736202888797
    ],
    [
      0.2821737921285104,
      -0.0013183026431610474
    ]
  ],
  "calibration_offset": [
    1.2794154369977642,
    0.6091796089696967
  ]
}