{"calibration_matrix": [[0.8315924847494977, 0.05938743106779132], [0.18020693191367698, -1.1468619844812706]], "calibration_offset": [5.12158577678843, 7.45124790599626]}