{
  "calibration_matrix": [
    [
      -0.005896408328704571,
      0.3967166735959958
    ],
    [
      0.2838423622983925,
      -0.0001304224008739797
    ]
  ],
  "calibration_offset": [
    1.1897839675812567,
    0.6035271021115477
  ]
}