{
  "calibration_matrix": [
    [
      0.0028463044410035254,
      3.859395852208142e-05
    ],
    [
      -0.00017349926179074224,
      0.0038362614551214424
    ]
  ],
  "calibration_offset": [
    -0.06826669504756293,
    -0.4596669510493296
  ]
}