{
  "calibration_matrix": [
    [
      0.0028934250778095082,
      8.091855786128307e-15
    ],
    [
      -0.00038360645519720213,
      0.004638150776474531
    ]
  ],
  "calibration_offset": [
    2.260111733742732,
    1.7515009320479265
  ],
  "user_home": {
    "x": 0.0,
    "y": 0.0
  },
  "backlash": {
    "x": 0.30000001192092896,
    "y": 0.30000001192092896
  },
  "camera_settings": null,
  "saved_at": "2026-05-20T15:45:33",
  "notes": "auto-saved after fit"
}