{
  "calibration_matrix": [
    [
      -0.011981246890090844,
      0.41987027913046493
    ],
    [
      0.30827702165194126,
      0.00349505201020683
    ]
  ],
  "calibration_offset": [
    1.2458372373711506,
    1.093113516120207
  ]
}